{"name":"vester1","type":"local","address":"stride135krm0qffk4yxrsj4rkr6y9ycn0n7afv6dh6c5","pubkey":"{\"@type\":\"/cosmos.crypto.secp256k1.PubKey\",\"key\":\"ApfmIKFEa4W20qUEDKwjcV5CHsDJIUBTQue91NLJ2RoQ\"}","mnemonic":"pride audit ankle hope cereal phrase open issue quit skin sad tooth usage often monitor crumble atom clap save talk force shadow maze owner"}
{"name":"vester2","type":"local","address":"stride1whs3fdf48yezlkvgtcxxpf55y29mhlxpwk4h2k","pubkey":"{\"@type\":\"/cosmos.crypto.secp256k1.PubKey\",\"key\":\"Az7vtqg/yIf63GmgMiKwzWsCWp1/tN8C14nOArMLjasA\"}","mnemonic":"defense work noble news because nature adjust thing cup risk thing oblige amused radar fade judge chat roast rare evolve maximum toast patch sunset"}
{"name":"vester1","type":"local","address":"stride1m8huycsgm9a4rvsmeuplpphfawvlta7w0lssjy","pubkey":"{\"@type\":\"/cosmos.crypto.secp256k1.PubKey\",\"key\":\"Ay4mhr2uug1k6fIRTM1j3GtT8tmQ8Rmev515i62wkCm5\"}","mnemonic":"stomach course catch sea height enough chronic artefact develop mouse fix melt afraid middle fortune birth fade cushion dynamic credit ability frequent right solve"}
{"name":"vester1","type":"local","address":"stride1wpgdhwm48kjpks2xx6n527yq0f7y5cdfr33rck","pubkey":"{\"@type\":\"/cosmos.crypto.secp256k1.PubKey\",\"key\":\"Azg4q0aXxw1MdMf+zFnMc780hsT2b1fyZJXy4OJbaiy5\"}","mnemonic":"bird faith polar trial snack solution sure elephant answer dilemma better toward broken fall also rice prevent wall orange clever shiver arena hold snow"}
{"name":"vester2","type":"local","address":"stride1er0kqtaljeuk0j230ctl0vvxcryjyt59earwsp","pubkey":"{\"@type\":\"/cosmos.crypto.secp256k1.PubKey\",\"key\":\"A88VSn7YX6/A25E28A3M/ON9C2o1i3Z1Y2IroTm2ieyf\"}","mnemonic":"toilet depth side twenty anchor pause close author elegant forward bomb torch witness fan tribe ginger notable mountain cloth hawk wrong quick limb chair"}
{"name":"vester3","type":"local","address":"stride1f5dl6a7efyy4xsgpl2r4cf5y77pfyyaz7mwuul","pubkey":"{\"@type\":\"/cosmos.crypto.secp256k1.PubKey\",\"key\":\"A3OwaNRSZGgmXpKceasf+lR87fxPgM9wb7W7loz7K42J\"}","mnemonic":"grant tide funny fitness gain nerve fabric acid wasp bachelor winter hedgehog review various absent oppose matrix cram fabric attack time journey shop skull"}
{"name":"vester4","type":"local","address":"stride1agaxfpm7e7w28qc22wpn3dxns28mhyyp3p0c6y","pubkey":"{\"@type\":\"/cosmos.crypto.secp256k1.PubKey\",\"key\":\"Av/E6XVSzEaEzlhC1f1dI9a94wEGfcLiyS5C0I8VTAP5\"}","mnemonic":"phrase lumber cupboard universe agree powder wolf salmon enlist situate pelican wave rhythm impose mandate speed all pass deal twenty total celery fat under"}
{"name":"vester5","type":"local","address":"stride1m3d575l4wt0ng73uhwq54h3s8ngw4ytt2j2ek9","pubkey":"{\"@type\":\"/cosmos.crypto.secp256k1.PubKey\",\"key\":\"AtkO5l49j/jN45hXHEC3y5nsbkIzZj3nOxfGGFjSyWDm\"}","mnemonic":"casino public shuffle stove mail feature sudden catch catalog clarify east carbon blame awesome build muffin title begin source plug sphere wealth alert rug"}
{"name":"vester6","type":"local","address":"stride10ssjzpd608j397pzgg7ttn84mhw8475fppqmh9","pubkey":"{\"@type\":\"/cosmos.crypto.secp256k1.PubKey\",\"key\":\"AvDFdTdUVWGFNIh8A9E5te/OJn6xNYMnvUTCzbfhvG57\"}","mnemonic":"cheap accuse leaf account conduct deliver hamster please border talent sort fresh gym mesh educate angry brand jungle phone solid case tree again few"}
{"name":"vester7","type":"local","address":"stride17xnhzzh3ez44z8lm37ugyla9q65zrjgwcxd73f","pubkey":"{\"@type\":\"/cosmos.crypto.secp256k1.PubKey\",\"key\":\"Ap6SMdM9gAPsKg/RP3AiOTE+JOckuFl8xSCcWVp4cU5/\"}","mnemonic":"nose faculty lottery illegal wear cat mistake cable bamboo symbol weapon fragile mystery express earth penalty absurd visit miss main start fashion swallow torch"}
{"name":"vester8","type":"local","address":"stride1tzet5qxp89gfwqvz9snnmawjgl8zy38qnv5zk2","pubkey":"{\"@type\":\"/cosmos.crypto.secp256k1.PubKey\",\"key\":\"AsBLyl/a6grvZGEoDnc6ChleaUvYZJLzp7UiL4hoQE4T\"}","mnemonic":"pluck assume home start hidden uncover sun leg sunset sniff unable surface bitter divide pride icon cushion document mad goose neck elite keen initial"}
{"name":"vester9","type":"local","address":"stride1yledzqa3xe440jfurmjn6eh2d49mt0mg8zjd50","pubkey":"{\"@type\":\"/cosmos.crypto.secp256k1.PubKey\",\"key\":\"A3X1An1v3inrAjFvKtKQ1eVdpHXyhx4EFivqer8FOKI2\"}","mnemonic":"fog copper fold half else poet pencil drum million timber utility couple where result kitchen meadow leg bone whale near gate loud swim bus"}
{"name":"vester10","type":"local","address":"stride15mhuv7p8w558v834fuy83809jejh56lrxl0tjz","pubkey":"{\"@type\":\"/cosmos.crypto.secp256k1.PubKey\",\"key\":\"AoZZk2hX76PMEMkZBfX00YD+enu+0Yb8g9Y/NmRHTmJG\"}","mnemonic":"pizza key energy maze absorb bronze fog version garage people estate like charge funny lift prefer romance cat hockey already goose kitchen innocent hold"}
{"name":"vester11","type":"local","address":"stride1m0p7eexzdldy0ntt82gcv4vh5ng7t4d8lwhlf0","pubkey":"{\"@type\":\"/cosmos.crypto.secp256k1.PubKey\",\"key\":\"A4yv/T8/ayA0Awi3jt2hSK498d09RgL6Fl9/jH5xVqt1\"}","mnemonic":"change drop fatigue foil inherit green cradle resist embark shed emotion buddy ecology monkey hood scene brain spider night weasel coffee popular hospital rebuild"}
{"name":"vester12","type":"local","address":"stride1s0x2ls5tle44fy22j25uy78vc8j0ague3tzay3","pubkey":"{\"@type\":\"/cosmos.crypto.secp256k1.PubKey\",\"key\":\"AhsRrXgQWiRCHqrqNvSF1H8FmPNWnqS1Z7J4GoAB6K+r\"}","mnemonic":"produce fruit erase security vendor quit media fringe exclude please mad unveil measure relief tool lounge rug glide ridge meadow parent craft rebel spring"}
{"name":"vester13","type":"local","address":"stride1n6yfy0zjjmhv9res6hwmf0aq2xh44lvkx7z2ye","pubkey":"{\"@type\":\"/cosmos.crypto.secp256k1.PubKey\",\"key\":\"AtglGPvmZO25nykI0cwzqvBjsoTyHv/Dqx8ZG+JaIIRb\"}","mnemonic":"mother use intact fortune right tribe anger neutral crazy carry ten picture grant muffin hurt entire able purpose resist ginger rural plastic sound dragon"}
{"name":"vester14","type":"local","address":"stride1rrx3acw0qkznq6ug3p8xwcpfmwnus46vqqt8ew","pubkey":"{\"@type\":\"/cosmos.crypto.secp256k1.PubKey\",\"key\":\"Al+l7Ui0KccNv0r6bmFvsCXQzfCTxN5Cgey9YwpwzPcd\"}","mnemonic":"radar regular lab fat catch swallow lock dose carbon casino crazy chair craft conduct guess gorilla power link wing salad strong list decline inform"}
{"name":"vester15","type":"local","address":"stride107z3jxaz85p7cnwzszx3l62zje82qcjwdj6arf","pubkey":"{\"@type\":\"/cosmos.crypto.secp256k1.PubKey\",\"key\":\"A5XuaKVtCZWK0y0SsLnPif8DPEYN4cepn8isE4QzpO8e\"}","mnemonic":"luxury edit vapor whisper champion onion brass rabbit bomb square more sure tag fiction taste cool vapor move exhaust scheme assault bonus game scene"}
{"name":"vester16","type":"local","address":"stride1g6gk40xuln2w0a060lsxq8xg9swr8u7he5afac","pubkey":"{\"@type\":\"/cosmos.crypto.secp256k1.PubKey\",\"key\":\"A8kGp1oaOSMdlUUMX2ixbGluhFXlX7mBAuGNAwhS1ZgU\"}","mnemonic":"radio van fault method village couch wonder margin march debate item trim donor frown idea warrior strong hen cup material tragic punch tube seek"}
{"name":"vester17","type":"local","address":"stride183v9mfcltpweyt46zam2j5jpky0ds7vncgr360","pubkey":"{\"@type\":\"/cosmos.crypto.secp256k1.PubKey\",\"key\":\"AgL46hA2RrhgzC/WgAZgFt2ua7c5J8qRcyeUA4omDXUP\"}","mnemonic":"actress there test obtain execute shallow relax demand measure stage carpet snake symptom rule mimic absent legend orange bread tube tape october tumble team"}
{"name":"vester18","type":"local","address":"stride1005amvsawssfmkmqucx9u79m2rfw6nvk7ag086","pubkey":"{\"@type\":\"/cosmos.crypto.secp256k1.PubKey\",\"key\":\"A7su+Mp8i6vI2S8eOjoTEwIiyNtzgsqN86sAKq8yyWG1\"}","mnemonic":"replace outside night pool pilot joy asthma light interest awkward online survey program claim idle scrub girl equal aspect crane turtle chunk uniform season"}
{"name":"vester19","type":"local","address":"stride18aqx47tqfxedzyqnjtazuxz8k3mctq95h5fyjv","pubkey":"{\"@type\":\"/cosmos.crypto.secp256k1.PubKey\",\"key\":\"AzdNZ7taYzXYivTORr1KA9lkioasJKa5ttSgyM1lrNp1\"}","mnemonic":"correct auto front floor runway always whale nation defense cinnamon panda degree furnace above object traffic flush rubber soft banana account minor space chunk"}
{"name":"vester20","type":"local","address":"stride13cjrplnnmd6ys3m94ds4vlpkmv00lc7wh5pl3c","pubkey":"{\"@type\":\"/cosmos.crypto.secp256k1.PubKey\",\"key\":\"A4e2/5/tXlA99zqQ1eeG37b7Njc7hyIACBxVOIsHRNVD\"}","mnemonic":"spray mixed cage intact priority hire certain innocent device midnight host today exchange grit curtain heavy monkey sunny school extend simple fence blade labor"}
{"name":"vester1","type":"local","address":"stride1e54rq3ywpea0d729lgcs8pl5c8r6kkvw2uf3wq","pubkey":"{\"@type\":\"/cosmos.crypto.secp256k1.PubKey\",\"key\":\"A70ibExxVnLr+QzlT5Mb/VWmcd/DbO9NTUM9C1LSxpUI\"}","mnemonic":"rough news ring dignity reward novel rely guide shell earth gadget trophy session helmet road left coyote century mechanic media yard duck fan name"}
{"name":"vester2","type":"local","address":"stride1urgv75t627r6m5s4rhnu6je4ea62dvcgaxl5aq","pubkey":"{\"@type\":\"/cosmos.crypto.secp256k1.PubKey\",\"key\":\"Asof7nm/deT75wcyxulHPohLK89ZDI6Y+nmIB6L6U6gr\"}","mnemonic":"client photo slush rate sight pull sick drama ride catch diagram business satoshi meat time black defy tomorrow obtain traffic spawn wrist keep mouse"}
{"name":"vester3","type":"local","address":"stride1klrj7u3ucn86vdfsmcg34sq84x806fnd5ap3f8","pubkey":"{\"@type\":\"/cosmos.crypto.secp256k1.PubKey\",\"key\":\"A1McaZl0BXJUZjDVIhWAJGfwKplmVpcehPiWovssfxe5\"}","mnemonic":"text bachelor fury cruel left habit pyramid cement awkward enter penalty almost caution shove fetch defy volume dish climb bottom outer decline misery cushion"}
{"name":"vester4","type":"local","address":"stride1g078jj0ftvqa6t0yexu44wcnhea2m92mjjhyua","pubkey":"{\"@type\":\"/cosmos.crypto.secp256k1.PubKey\",\"key\":\"AvXNyhsm3KMr2S/ML2ouxi9X83CJGnzZhPc1qFzJIm96\"}","mnemonic":"upper fox quick predict memory virtual penalty reunion lawn grid main humor key orchard hard attract swarm lumber shell dawn debris design chalk biology"}
{"name":"vester5","type":"local","address":"stride1yfcuyuq45zgcegh9adcc8r2nh0qy0nxfc40xc7","pubkey":"{\"@type\":\"/cosmos.crypto.secp256k1.PubKey\",\"key\":\"AhBODGcdN6QAYdfSO4guA5o05xiS6/5oINQrXJkqSjcf\"}","mnemonic":"lens mad people brick bachelor provide glad clutch improve brown video vacuum book bind fault brisk insane parade whale bike learn dance fox cost"}
{"name":"vester6","type":"local","address":"stride1c5ek9a5689xu40pc8plyqnk7mjujr322us7ftu","pubkey":"{\"@type\":\"/cosmos.crypto.secp256k1.PubKey\",\"key\":\"Arsr8/I0fJy8HLBzbFNzZAefmEjxTve/DnEio/EZnnGj\"}","mnemonic":"guilt rigid reduce crucial miracle hotel hedgehog cricket art prison icon summer team curtain confirm budget myself mushroom balance raccoon orphan champion bid draw"}
{"name":"vester7","type":"local","address":"stride1mff7wl0axswu63p28jw40m2xp4xpj9u462q68h","pubkey":"{\"@type\":\"/cosmos.crypto.secp256k1.PubKey\",\"key\":\"AkVwHEnUgDUiY7pMoMIxBfEv7uFhCnsJATY6nBIT3c3k\"}","mnemonic":"margin april addict switch brush fever round swim enemy second front ice parrot turtle fiber breeze stage amount table phrase enact river heavy satoshi"}
{"name":"vester8","type":"local","address":"stride14fuka87sr5znlsfw4wx5377s98q9t506fhzpf0","pubkey":"{\"@type\":\"/cosmos.crypto.secp256k1.PubKey\",\"key\":\"AgtOoc98RXfOskfLZVR2hXJG/uErWq7tBNRrXWlBNp8M\"}","mnemonic":"rabbit make episode toe mansion mask century balance this admit stone index little mask fine put amount update mask about room rug quote rookie"}
{"name":"vester9","type":"local","address":"stride1c40jsavp4n0gghkp7t2eam6zjqmk2laqc7k9qa","pubkey":"{\"@type\":\"/cosmos.crypto.secp256k1.PubKey\",\"key\":\"A7QKtR5RisoL1s1Hq06fyL2tz9UHypPi5H0CWHUzz8rv\"}","mnemonic":"outside pudding hungry crazy pledge save income diary master grass wide protect same normal piece mixture force fantasy pact same letter kangaroo rebel forum"}
{"name":"vester10","type":"local","address":"stride19r70dacapsqjfzr0qqv5z7reez6d45dyywulqm","pubkey":"{\"@type\":\"/cosmos.crypto.secp256k1.PubKey\",\"key\":\"AhUHB1zozpBKwzSPCdA0r/NtAFI0Gc7TSeF1lkguPYGl\"}","mnemonic":"butter useful range proud merge student can couch loyal pill broccoli dignity prize renew inflict minute cliff life farm lounge ethics column penalty mom"}
{"name":"vester11","type":"local","address":"stride10r6tzqpf33jvrjct5j55wqnufdl7wa0gdn7mac","pubkey":"{\"@type\":\"/cosmos.crypto.secp256k1.PubKey\",\"key\":\"AnIe9s3IZb6B3jfz29I/yRz0yGnRSkujkV5uugNQEaKv\"}","mnemonic":"roast police cherry you enjoy disorder example shadow female observe grant enforce magnet unhappy sign mansion arctic brave sample sock announce radar enjoy response"}
{"name":"vester12","type":"local","address":"stride1v2f8lfqzmy9qycjyzf4w2myg80w5lx27u2pmxl","pubkey":"{\"@type\":\"/cosmos.crypto.secp256k1.PubKey\",\"key\":\"A+yHZyuvs8EHlg9BnNVuOVCXOrn4bgEN889SRlRXu7Sn\"}","mnemonic":"shaft label draw burst patient click mutual escape creek join soda dad wire humble onion fault certain boat idle language fuel annual search biology"}
{"name":"vester13","type":"local","address":"stride1z2rh06v0xah2vdhwg3as783zxcvxfv52q7gjk4","pubkey":"{\"@type\":\"/cosmos.crypto.secp256k1.PubKey\",\"key\":\"AtIA+SAyj2y3LZlZTWYWF9SFm6aPR4yBB2MZ3kJQFer0\"}","mnemonic":"people horror hole skill sustain cheap unfold account member spider radar guide amazing casual orient angle sun draw animal mobile float wonder once axis"}
{"name":"vester14","type":"local","address":"stride10rqqutq72r7etwylfp3x0gvgnylql8w425ccsm","pubkey":"{\"@type\":\"/cosmos.crypto.secp256k1.PubKey\",\"key\":\"AsjhA56vlS42jx07S3nZCBN2N/zOLdIGFDyAUbI8YEuG\"}","mnemonic":"over outer exact about ski blame copper advance trend theme silver ignore kangaroo aerobic ensure mouse maximum opera dirt cradle cook today arch soap"}
{"name":"vester15","type":"local","address":"stride1n3fvvgtrmvsr43zdenaq50q8uj3tp0738amayv","pubkey":"{\"@type\":\"/cosmos.crypto.secp256k1.PubKey\",\"key\":\"ApRb9riQAxqHfJElwbQisCw0oZpC9g1xlji345jBChIY\"}","mnemonic":"return runway cactus owner path render analyst casino enforce slow cinnamon february fold brain curtain firm banner arrange couch shove feel wasp load trumpet"}
{"name":"vester16","type":"local","address":"stride10xamvenqwwuurdhp9nterf8s46ss0670trnxrn","pubkey":"{\"@type\":\"/cosmos.crypto.secp256k1.PubKey\",\"key\":\"Awtgr53qp9SnFXZXJJ2KyJRrkYgEzqV6aISarO0f7WFU\"}","mnemonic":"consider spend add unusual present peanut today royal riot glue south original street bulb possible filter addict noble great resist coach across worth chronic"}
{"name":"vester17","type":"local","address":"stride1qcjnrwfs4ru295z60y77glu9uhyyl7sjtn59gw","pubkey":"{\"@type\":\"/cosmos.crypto.secp256k1.PubKey\",\"key\":\"Ap7vMohy6mBsK9Alu9sAImzydZQj0xE4EZ/p99jxT4SJ\"}","mnemonic":"cake all chalk bar december sail vocal around ivory vibrant smart jaguar machine minor delay want inspire young fire duck lunch frost culture zone"}
{"name":"vester18","type":"local","address":"stride19cg5rynkw74hm8cu8s2qnzatg4lt9n5aqh6thg","pubkey":"{\"@type\":\"/cosmos.crypto.secp256k1.PubKey\",\"key\":\"A2cqUTzGVJcYoeHNftHvKEOl8oTMP4hGbQI492+7Fbas\"}","mnemonic":"that ski armor baby table chapter runway small indoor either minute hurry ivory divorce cushion pizza strike similar rain gentle inquiry face patrol boat"}
{"name":"vester19","type":"local","address":"stride1fyhsl6gyp5952m0zmyl9hy653dxyjax22lga9x","pubkey":"{\"@type\":\"/cosmos.crypto.secp256k1.PubKey\",\"key\":\"Aobwcohej2zTaq0nVRlA6OfVDMZyU5np+LsJ1yIWZ+6n\"}","mnemonic":"else alcohol rare fall impose stove joy depart illegal science devote broccoli gown push endless ecology execute reward outdoor abuse tornado economy mother any"}
{"name":"vester20","type":"local","address":"stride1x53t4kgq7hgjhavzmd8t7f7vujr02nevwm8j09","pubkey":"{\"@type\":\"/cosmos.crypto.secp256k1.PubKey\",\"key\":\"AvucYanx2KpCFEMcyHvL4aPZSFTyVExiW7O0/ra5x2M5\"}","mnemonic":"enter syrup toast voice unusual noodle assault crucial advance empower outside start aspect chapter escape item produce carbon action term dumb bottom quantum south"}
{"name":"vester1","type":"local","address":"stride15yztmd9rnrdfv90jrvsjf56hdh6ttu5gwsm3fm","pubkey":"{\"@type\":\"/cosmos.crypto.secp256k1.PubKey\",\"key\":\"Anm1pq/4S9bTJqKq+EX5xq4qKf9GUmS5mLBByW/mdyo2\"}","mnemonic":"arrest jungle fade annual damp document clown chimney camp sand hand ensure wide adapt live arrange focus extend mind alpha stomach success seed buzz"}
{"name":"vester2","type":"local","address":"stride1js05ph0r0jvq6yusm84t8j96harlynrgv9z4sv","pubkey":"{\"@type\":\"/cosmos.crypto.secp256k1.PubKey\",\"key\":\"AwLsu63d8+bGXzVkMxYGGimFKWNUrp4jCpqTIm8Tzq8W\"}","mnemonic":"resemble possible leopard type blast quality segment spawn topic cash joy skirt hurdle breeze suggest photo strike frequent opera muscle bread mom like stadium"}
{"name":"vester3","type":"local","address":"stride1x2kkt7f5qrvktje3j8074ruapfmvtyxtdaet23","pubkey":"{\"@type\":\"/cosmos.crypto.secp256k1.PubKey\",\"key\":\"Aha1GR2bEwd8XnRkHIElw83pLPpoMIsr7yWEqexYfAg3\"}","mnemonic":"door jazz spoil industry update nurse tuition bright million apology renew lobster desert panic laundry truth gospel fiber pelican helmet praise term front robust"}
{"name":"vester4","type":"local","address":"stride1z02kgpsh7qm24qxy6q3zqpm8vepxlvgtvqdane","pubkey":"{\"@type\":\"/cosmos.crypto.secp256k1.PubKey\",\"key\":\"A0XVjkp91eRcH79GxehH5c1lW/cidEwDBddqDMNo3wKW\"}","mnemonic":"expand employ trumpet public theory soup answer apology educate into range client pet soup robust shuffle day vintage close caught damage enrich observe differ"}
{"name":"vester5","type":"local","address":"stride16dtzv29m27sdf3s5r6jfxfyw65xlfvecy2wwmn","pubkey":"{\"@type\":\"/cosmos.crypto.secp256k1.PubKey\",\"key\":\"AslTV9UnIUTOijlWpGToiH3JOqreE2jcS6WMkWG0PNr8\"}","mnemonic":"sphere ignore used inflict chef appear seminar height brick bounce urge fall inherit boil clip debate dentist cute resist bike special drink captain reject"}
{"name":"vester6","type":"local","address":"stride1twtuywgg859w40sh9nrdl9uyzmycs2rmqj8hm0","pubkey":"{\"@type\":\"/cosmos.crypto.secp256k1.PubKey\",\"key\":\"AjqaploNDPt/11dvxtj+pZHdB1ih7QzsDUsQzhRCkiMk\"}","mnemonic":"endless skill elbow relax ostrich bar render mammal already social mention first smart gold demand august brass stove youth bullet around history field unusual"}
{"name":"vester7","type":"local","address":"stride1zu0stwupftcettmz84ummfj5hf9v8kxnw4e5jr","pubkey":"{\"@type\":\"/cosmos.crypto.secp256k1.PubKey\",\"key\":\"AtjDLERghKIuBacPkBY8dCxwvSs4U/qV4BpLpeymLNFx\"}","mnemonic":"blood train hybrid kiss entire gallery tray recall since canvas advice raw sell veteran avoid near travel wheel suspect foam sniff portion monkey kitchen"}
{"name":"vester8","type":"local","address":"stride1zxftj5s5h298xu8lp9tagwu2d80v9g2wr56zsl","pubkey":"{\"@type\":\"/cosmos.crypto.secp256k1.PubKey\",\"key\":\"At2ivS2USwx7WqvGWcxo7sDQyBEVyaXbQakFjGa87Kd7\"}","mnemonic":"just trip sausage quick rabbit airport behave pelican uncover voyage airport panel exchange toilet leisure spoil cube chalk eye baby kind eye apple remain"}
{"name":"vester9","type":"local","address":"stride160j4e6hcpvugx82kpnvw5xe8pnpzjk8yg2vlds","pubkey":"{\"@type\":\"/cosmos.crypto.secp256k1.PubKey\",\"key\":\"A+XRjxn6uPkUa+RVDqSVcqnLrBOJ/N6pC4vKwiK7ueS/\"}","mnemonic":"cotton symbol dress satoshi ceiling south bacon family tent zero rich employ magnet predict junior scissors cost extra staff enroll habit right purity cupboard"}
{"name":"vester10","type":"local","address":"stride1az82supe23yxsd8pmgw4p5432mwe6cd3kxwcgw","pubkey":"{\"@type\":\"/cosmos.crypto.secp256k1.PubKey\",\"key\":\"A1kzw91SHcRqejBgjaXxxLrut3hy+lZM4ctIphKZXm/h\"}","mnemonic":"situate lobster flame lazy noise educate parent fee phrase dish crystal position absorb shy bracket way seven glow chaos art edge they behind enlist"}
{"name":"vester11","type":"local","address":"stride1cgg502tsnlettha8lh2yjxafx0t0z5j60p6g8s","pubkey":"{\"@type\":\"/cosmos.crypto.secp256k1.PubKey\",\"key\":\"A+IyvIUOdWJkSHGhkdrUjGQchlJPVBSIcX43dfN0VEIc\"}","mnemonic":"observe auction code census camp stadium paper inner also match issue wish innocent glide cream alone sphere conduct decorate cable genuine enact tortoise weird"}
{"name":"vester12","type":"local","address":"stride13vqr4wxsssyfrxlsk838jrumq2l3dultnlww7p","pubkey":"{\"@type\":\"/cosmos.crypto.secp256k1.PubKey\",\"key\":\"A4KxYf522MpmqywWb8+gcNeXkubmv32FNp2OXmhUmvqm\"}","mnemonic":"armed beauty kid disagree artefact daring tide gaze crane spatial dose own slender wage planet behind heavy fortune enact kid long swallow guilt civil"}
{"name":"vester13","type":"local","address":"stride1y3e7j7gcu4u3ugn3uym68sd34udgm333ct670m","pubkey":"{\"@type\":\"/cosmos.crypto.secp256k1.PubKey\",\"key\":\"AklmM8D8CDTmWX2yPfKqdd9qA9oSnuw5hkKDPnfNvcps\"}","mnemonic":"side robust cruel cargo danger flush glow legal card hint other alter zone action item visit brief fantasy canyon young reduce stove symbol dial"}
{"name":"vester14","type":"local","address":"stride1wufh5yxurqh7t6ku2kyq5vekqd3fyt9kcxv777","pubkey":"{\"@type\":\"/cosmos.crypto.secp256k1.PubKey\",\"key\":\"AiCDWyJzftJ3IVko8k2Zy3FXZ+HJ5ftvHF03ow2EChhi\"}","mnemonic":"spoon arrive ostrich agent number penalty uncle pepper legend number force wool black pave table quality wing canvas sugar pulp crop strategy pelican pigeon"}
{"name":"vester15","type":"local","address":"stride1k55q6uyeq89dku65mc59fhpq3dxhc003lzq3r7","pubkey":"{\"@type\":\"/cosmos.crypto.secp256k1.PubKey\",\"key\":\"Av5gzi3ZShw0p5WIpfN8SfvnL56M+/GMd38Otru42fPd\"}","mnemonic":"swear sunny purpose scheme cherry toy sponsor flag strategy capital bench theory ecology zebra obscure push horn face steak harbor observe practice extra stage"}
{"name":"vester16","type":"local","address":"stride1ag2xmpl8hecfd720e054z999ep2ftul84yn756","pubkey":"{\"@type\":\"/cosmos.crypto.secp256k1.PubKey\",\"key\":\"AjyiHD2ulznNOtZmJlPw/wb4/NNLeYmBIDaPeLgqLz3B\"}","mnemonic":"luxury sadness glory cloth finger approve flash protect deposit casino airport toy music tortoise open ring shadow blossom rice long bargain episode other unable"}
{"name":"vester17","type":"local","address":"stride15s3zc2rvavhalzmelpjsc2ft6kfc39snys7qpd","pubkey":"{\"@type\":\"/cosmos.crypto.secp256k1.PubKey\",\"key\":\"AmZ/k3tzh3rv5gE3oL4zmJ2cVV9akZubq59YcaI5xAFO\"}","mnemonic":"wrong pause shoe shock cliff corn swap digital confirm butter fade have satoshi elephant fever pride stone tiger mother bulk recycle radar fix quarter"}
{"name":"vester18","type":"local","address":"stride1ezhs6r66xxgr6yvrxzuxjakq2eqqqyrdne0zpc","pubkey":"{\"@type\":\"/cosmos.crypto.secp256k1.PubKey\",\"key\":\"AqnmJ/7vxzueejVGWKma2tbroJf57M1aNLjPelSUq/M0\"}","mnemonic":"tool witness shaft very ugly tumble leg refuse genre flip genius weather buffalo save tell crazy result shaft absorb observe chef soccer express erupt"}
{"name":"vester19","type":"local","address":"stride1v4qm9s4xhsauzjey48tdnykntgrg9f4cw6xqh0","pubkey":"{\"@type\":\"/cosmos.crypto.secp256k1.PubKey\",\"key\":\"A11zIOwETSlirktf1jH7Y2qOg+g6kxDbuCRHu433FsVK\"}","mnemonic":"marble rally session amazing soon explain question injury autumn alert invite click chuckle check foam brother burger monster inject morning sponsor army pattern joke"}
{"name":"vester20","type":"local","address":"stride1p20e8yj8slplzsdv339w8eh9aqfy7mm2rzars5","pubkey":"{\"@type\":\"/cosmos.crypto.secp256k1.PubKey\",\"key\":\"AsQlrVdQVLiVjBRPWqZpdEckPA2Z4DJJgTcG5MGxU9QU\"}","mnemonic":"moment decline year welcome purity trick fiscal theory liberty muffin mask give busy wife cook dinosaur ready habit ostrich movie predict dash powder course"}
{"name":"vester1","type":"local","address":"stride1ksuvynkdegzhn0rw9w2g06q9u7pu3l52p2g697","pubkey":"{\"@type\":\"/cosmos.crypto.secp256k1.PubKey\",\"key\":\"A4D6k4jYT9rUj+hlJYx2aSM/zvutHSRrkGn4y4ye9Fjv\"}","mnemonic":"silent include modify cable slush flavor round own enrich carbon spell bridge thumb flush humble six hello uphold false table nominee text stairs wide"}
{"name":"vester2","type":"local","address":"stride1dr25lzy223qe4ssah7ry4gm30ndq5hkavnc2nh","pubkey":"{\"@type\":\"/cosmos.crypto.secp256k1.PubKey\",\"key\":\"A7pJ5KBZK8vw4A1DnfDyeb76Wjg8F9Nv/shK267I3IPw\"}","mnemonic":"trend child drama weekend magic orient worry snack wife sick tower oven mechanic athlete law soldier already panther barrel render spawn weekend unable trust"}
{"name":"vester3","type":"local","address":"stride1ls27e33n35xqhn3w9urkv7t6n3dzn3upt06j7g","pubkey":"{\"@type\":\"/cosmos.crypto.secp256k1.PubKey\",\"key\":\"AyfOsMCY288iDJ+VDHpDAl6XNu/cyFEqgpSXtuC3qA55\"}","mnemonic":"broom magic harvest rabbit young slam immune bar health copper bamboo east flag gentle drastic disease general prize frown naive wrist sudden elder laundry"}
{"name":"vester4","type":"local","address":"stride1ue37ry9ey2utwc42u3706hf028cj7ygcqeaqgj","pubkey":"{\"@type\":\"/cosmos.crypto.secp256k1.PubKey\",\"key\":\"Ajac+QpQ30KLSFzYNawL/W5fmekK4fqm3QkJsmsMesdu\"}","mnemonic":"north stuff soldier bottom hold genuine beef myth rail muscle concert slogan drill abandon chunk camp scorpion hen adult purchase thumb portion damp teach"}
{"name":"vester5","type":"local","address":"stride1jzd76adylru3s3h67hqnh8ht0v3e97n60unkez","pubkey":"{\"@type\":\"/cosmos.crypto.secp256k1.PubKey\",\"key\":\"AoKBsGrTxORRDwyXMXwtFow9ofkMkC60nuZFG9ac8UUg\"}","mnemonic":"right crash sort length famous error left stool awesome live share betray art blue sponsor empower gaze lamp accident journey bottom renew trophy beyond"}
{"name":"vester6","type":"local","address":"stride1f4s0am3snl80a9tp243ee3texcdgg95cp0egfz","pubkey":"{\"@type\":\"/cosmos.crypto.secp256k1.PubKey\",\"key\":\"AzFbkQm2pbqJFyQIRNzz+JpR4wvO5ePj+c2Tpn5/WdCN\"}","mnemonic":"material youth abuse reason engage bridge nominee husband van panic current vessel know cinnamon horse catalog regret float alpha excuse visit menu giraffe dice"}
{"name":"vester7","type":"local","address":"stride1phyz0p7cu8jvpsxyy2e3qz2u0r07xt2gd6a8dw","pubkey":"{\"@type\":\"/cosmos.crypto.secp256k1.PubKey\",\"key\":\"A4/eFpffou/LXcK7UzfvxxkfHlZcieH8DOKY+xyTjqDJ\"}","mnemonic":"lab good coil essence divert unaware switch donkey slab enough roof valve uniform grief business win affair legend all column start oxygen front hidden"}
{"name":"vester8","type":"local","address":"stride1f0r6dxmsexgp7mm600r0lwnmga5xjuxfe0ajh6","pubkey":"{\"@type\":\"/cosmos.crypto.secp256k1.PubKey\",\"key\":\"AtD97Ep+WDMrTsNCAzhoWwsvGENF6EFJbidTTHFPqLwT\"}","mnemonic":"series pumpkin easily cancel surface envelope hunt ugly path cool include soup jeans artefact giant hope short peanut body hazard figure foam kiss ketchup"}
{"name":"vester9","type":"local","address":"stride12r4wc55zn6uxsdjt48aqcsrwyhxgm8ha4sy0c6","pubkey":"{\"@type\":\"/cosmos.crypto.secp256k1.PubKey\",\"key\":\"AsIDiyVKcCLamBS7QbB2IelYVzbwtFzs905jrReWx/ix\"}","mnemonic":"thunder course title shrimp when idle dog unique bulk decline crash alley surprise tape city glass system rose razor build venture blush wood skirt"}
{"name":"vester10","type":"local","address":"stride1rwda6qslmcwtncnm0xcz4juwnw7s48q0ccjax0","pubkey":"{\"@type\":\"/cosmos.crypto.secp256k1.PubKey\",\"key\":\"A/yrK6QPIg3jhcK0460eAfTbEgNkcO8c3YbUwxzJ2SsF\"}","mnemonic":"term crucial marriage resemble aspect whip between wonder ugly excess teach ketchup million forget build turn sell potato inhale civil now index approve rich"}
{"name":"vester11","type":"local","address":"stride1rssn2tcu4xva3ksjp4h5r3w8674mmg2d6v2v25","pubkey":"{\"@type\":\"/cosmos.crypto.secp256k1.PubKey\",\"key\":\"A+2t6+MLhfFNfpG/9FnsbgrkPLReRjCi9FrUZibjaXyT\"}","mnemonic":"cram easy lobster hotel best jungle little inmate latin refuse oval warm giraffe lion inquiry length side ordinary retreat menu fall cricket distance lawsuit"}
{"name":"vester12","type":"local","address":"stride1f47rf8w2dsxnfn8hsgwfn260y9pf8vzzxmvns8","pubkey":"{\"@type\":\"/cosmos.crypto.secp256k1.PubKey\",\"key\":\"ApHCGnWNkWLz9PxFtqU5Z0lQi1q8OIkZHa5jZXP5myXu\"}","mnemonic":"rebel pluck spice step repeat trip north shoe report spare despair toast talk jacket indoor dial van thought pluck wolf arena involve luggage indoor"}
{"name":"vester13","type":"local","address":"stride193gh9wdl6nh9kl8ty3k47h9nxwnl92evmkly4g","pubkey":"{\"@type\":\"/cosmos.crypto.secp256k1.PubKey\",\"key\":\"AyE6WdHcSO+A72NKDYFzt650JHCvXcIYGlOZ0Trl6k3X\"}","mnemonic":"aspect narrow multiply shove siren crane board talent language spin chunk cool feature real gather pride short swim double join tube only angle check"}
{"name":"vester14","type":"local","address":"stride1rykhqd35pcdswvz8xcj0nm3f9q8z8xr90fn9qp","pubkey":"{\"@type\":\"/cosmos.crypto.secp256k1.PubKey\",\"key\":\"Asysa2bbql7LBAj59j4cQBhMtGp8WYcdt7eRsGlPl+Ot\"}","mnemonic":"inside double wheat sibling flash around feel author flush party abuse physical wine inspire nerve happy dress color economy kiss page alert square twelve"}
{"name":"vester15","type":"local","address":"stride18897wmfv75df5dkexqflvvaj9up6ku8tdkcrp5","pubkey":"{\"@type\":\"/cosmos.crypto.secp256k1.PubKey\",\"key\":\"AvPtl6ol7XpNtThR74j4uNUbVsd+sVwwyQOAN90DCuSB\"}","mnemonic":"rule enforce utility way involve bus word coral pole learn gesture giggle angle grit car motor purity steel lady now marriage embrace release speed"}
{"name":"vester16","type":"local","address":"stride1ns4z7lca94chwehm5r26wkhdwy9mjamn2krwl9","pubkey":"{\"@type\":\"/cosmos.crypto.secp256k1.PubKey\",\"key\":\"As1dMbDGa/KqgwVRmpYa/SQue+r9uPDklkVhAdSQtp9r\"}","mnemonic":"bacon hybrid upset invite whale climb fatal total style rain bridge still distance sunset member hand casual valley then smooth hat situate globe analyst"}
{"name":"vester17","type":"local","address":"stride16skw64gkswc04nuzwa9letgy8j5gm7nzjmr5zy","pubkey":"{\"@type\":\"/cosmos.crypto.secp256k1.PubKey\",\"key\":\"ApJxLvZUVIWOYfnmt9vciaVhtVeO/UE6CZRLclMvBprO\"}","mnemonic":"rude notable base artwork material camp slender shoot tower hold chief write student long jelly supreme village current trash hurdle tomorrow begin hint win"}
{"name":"vester18","type":"local","address":"stride13ja2xc2yw9qkw7kyuzpgn2cetafytrzfya9mvz","pubkey":"{\"@type\":\"/cosmos.crypto.secp256k1.PubKey\",\"key\":\"AmAzrp7EnqsQcC1ChdsCXKzgXuhg8JnmKWYGDMoEtZu+\"}","mnemonic":"tragic ask assault industry mansion impulse acquire drip tragic own sunny clog place chef protect cake crater reunion hold unhappy bus ankle boss surround"}
{"name":"vester19","type":"local","address":"stride177pmxkrjtjrqv5ue6r7k4kv3p360d9z0mudlkt","pubkey":"{\"@type\":\"/cosmos.crypto.secp256k1.PubKey\",\"key\":\"A5wVwCkWfZMKifu4KGifug/oV5d1RkACfi+m5I6QGEXB\"}","mnemonic":"boss always laugh kingdom easy chuckle pitch laundry salute evidence cross flight poet entire patient stem estate divert gauge double warm debris biology vacuum"}
{"name":"vester20","type":"local","address":"stride132hafy4kwt7mmgt8yrnn83ts56m4qcas7eymhc","pubkey":"{\"@type\":\"/cosmos.crypto.secp256k1.PubKey\",\"key\":\"A8m04Iqf1Pphr5oAyjCXNpBmWAKwJLaKG/iT0XpVKCRM\"}","mnemonic":"abandon deliver enroll uncover wild february cave decline develop spread foam fit settle people target fire tragic barely stumble debris possible feature enable resemble"}
