period,delegator,panics
169,stride19dhkhmmw9t0zdpcnt5jc0d8nyed5zfqvrfl77z,true
173,stride15ggh9jsvsglknlrt7tq0udc5ae794cuhktya7l,true
256,stride1nxv7z7ajp5he48taelmqavzpue4ff8uyq4fut2,true
323,stride1tlz6ksce084ndhwlq2usghamvh0dut9qkhw52g,true
333,stride1crkxyzva5mwvszan0aw9f2ldywx4j22xjmn0ee,true
335,stride18shuuh3ks5yy9z50csjdadz4k5j6xvwyxwnght,true
355,stride19tlsylyuy6ke9gzz66jam70kx4kmrpp5e529a2,true
357,stride1udawlntgfjmd43gtggsq8rvf4q3pcvxm648sd2,true
374,stride1ph3v5taxm86aq5v7yqpftmr3sgjss0fdxwzymv,true
381,stride1hw4j9h7st0dd0c9l4yr0faavd9p05utx0vz38l,true
403,stride1lf7t444w258jxyz7a84km8ev7z34vel4u4whvu,true
417,stride1h3hjqxpd2wz2w0v7tjve2jdfjtgpthutvxj978,true
440,stride1zhwy4a44jal3jqsg7exeq79q75m0trfeusq9ka,true
544,stride1av9ddswdj4hzmuffr67hjrclk4cj2d2q2znryr,true
551,stride1sxlej4yns44hpn08z9l3hayjd6xpcvcuadt7vh,true
580,stride1wdyylacmpk8tl0mvw5j933cs87cku2c3fahn07,true
612,stride1yhvhjgqzfqhw20f2t3fe5rhmcs2rmm6hzx30p5,true
633,stride1yt6pkw70sk3rfzt6fft2vdhh0nvvpwmzylnk42,true
710,stride1vfc4zvfymmlqm3tlwv5x0cmt89skjy766l2745,true
905,stride1hs3axpgtkkzcjtc9u30qd49zq8rtp0wzdrzayg,true
922,stride1m0jtee5d2ssam8rlf0vpcqen428tk7wt2u0zyp,true
950,stride1ap2jpd83vz9xx6qen8azrnsau29d6glq9qnks3,true
994,stride14legqxqt7kuhhn4we9zyechppnu6pc7djgvp9v,true
1037,stride1y5z28yqy6ka4ernr9282r7c4xm2c27exumzyr8,true
1131,stride1ytt4z085fwxwnj0xdckk43ek4c9znuy0vngtlv,true
1255,stride1q73ak9um7recnffkmwklfcwkhpxancuu90j0y3,true
1457,stride142f9620u2rxmpxm7wv8as2vsqu0qlaq9gz6gaw,true
1569,stride1qaatnlsh0tzq2aa4haj2fd9daekkzuqfwqhqw7,true
1613,stride16dqm6mthxhrzpu4x8wty03dqmkx82sp9as4ekc,true
1649,stride1ladunu5q38nz0tnur0vs7ml2vnddss3vlncj80,true
1741,stride1tff687mc8qkhyayl3xk9trplqkhkf274rvdqum,true
1742,stride1sc36wz6xx84sjnn4tau2854cygeyf3ug9ppn4l,true
1743,stride1rfgjlsy5f8r7vy40tnyd6x578wqfvvudvzj6zr,true
1744,stride1fyp0lzq9l6rc85cu2udaaj3mda7up4zhshknj7,true
1745,stride1uy50z3zuywnwszzj0tm46nzaa8q02zvgws2tzl,true
1746,stride1zwlutvq3veqzjf8vewhe0k8t7jj7d3hdhd7deg,true
1747,stride10t9pmgzj2te2wemsuk7cld7rjlplcmmeq7z0c0,true
1748,stride1xcxu29mdf06u734d6qkryzrp798d2fm0wfaza2,true
1749,stride1h5gwan2glf6t8emd023u4ej9hz929lf0l79dgq,true
1750,stride18ntfznfg62dyhl5wsh6zvc7acq2c57hyqnrpmf,true
1751,stride1urz8xs7zfztx8088jn67aq4l8z4t6p5z32pccc,true
1752,stride1eafs0ps2mduqp4d764vtudcrk5e39d5uq7snky,true
1753,stride1hxdlhtnrtah6hxj7x2qrxucrx45k3z2dr22gav,true
1754,stride1du2zttzqrzty9ykv5vu6gps8kn58rkd4kemx85,true
1755,stride19gw0twaee29007kxdu2zfzvn4ut4cvwtqp787h,true
1756,stride1utsuul520y222vtn40alqlvhlfzxrlex5wgxyj,true
1757,stride1g4nv8uhwcy8szfaseyvqd4xa38xv73z348fld5,true
1758,stride1rqzq7key9nr4lmqqsywv8r873jltt658afar66,true
1759,stride1nxuez0xsftu57p554kw8dgddlwz2rxcx8sfz3h,true
1760,stride12qlf374xswuz8c7uuskfvunqnn9sqqs9tp7pkg,true
1761,stride1yzxs365xllkcv4rnvgz9g67t7ac8h4vrvyuyvg,true
1762,stride1y64x3l3pqjxjrvq2cyj48dsh66rgptacxfv7l5,true
1763,stride1l5kxgrp4se02cqfd6cy99q4ese7grfjphnwcgj,true
1764,stride1yr4q5thgngxhan2prwpqnly7lde5ggz40uy7uy,true
1765,stride1jfq6ch58ltkdmw9n7yv29al5mla7w8k9gk3wxy,true
1766,stride14tqct6krcffhyz4ysz98h8r0hd96t9ajteu2w6,true
1767,stride1h0hsv0l8x86pg775q54t88x3c33lpnpu5v8lv8,true
1768,stride15ez5gnsr7ldshtnttd4hcennh6e3dpa6cnkfn6,true
1769,stride1r3hd68phwrwldulgmj5me9g2klsxh9rt6uxlg9,true
1770,stride14pnd9hkf69mtnan34e7rz4sucx8jn2en73cy38,true
1771,stride18kw6wv03lfk0usx30da9auzhx7ym5ue6wwgkdj,true
1772,stride19rzc4nyq44356wruv0wk820hk0j0ftdfd62n53,true
1773,stride1l6rcvtkv9kf7xtksc4se0h27gnr4xwayvdz9q7,true
1774,stride1dxha3s6yd8zyxqg30gleaglf6qpflnttptwy8d,true
1775,stride1056cqeqqqr8kxdrpgkxx4z8w7xh0d5krzfw3g8,true
1776,stride1vr7afd4zyk8rfpl5q7ekjvpp0gqeee8dj3jr4f,true
1777,stride1hwedsy3mzeda5yw6zr0h88ea6krv6aa2upcjun,true
1778,stride1d7v73kylp5m86ulqh8uleysrfl6qlfgdz40l82,true
1779,stride1445x7k85ad7exauuzywa3pkzm2veqqkrr4q57g,true
1780,stride1r7gt4ep5ccaqckrz45fuuwy74a8zvtfm4rhsu3,true
1781,stride1mft5y902ecud0kgq5n5g46wjdyevmy7fms5f8l,true
1782,stride1m3jd3t552tx0d4xz0t00w9ut5ezjzvd59ufc59,true
1783,stride1h2hrprhtp3hz2kfvmgnafa5vlalzs00av9s38u,true
1784,stride1gjy00fv4faz90kwzv729z8ut7jkmzksw8353wj,true
1785,stride1tkj0w6jay6uh5j8pytpdwn94tjkn7ck2am9dun,true
1786,stride16qkjmu0xm536kcjez7www5856amj8a34hp987n,true
1787,stride1l3tepzphg8m49ete9ltpl4vkqav7yzhm42y0cc,true
1788,stride1ynyfsrlk325x8wddrsv0caus5u59ufghzm0g6c,true
1789,stride14qhcdyfyuvdfy89vt03s6puph5m977erulh0zc,true
1790,stride1hcfkgszqha23yzy53q6wcaxasdchl7547fjpz6,true
1791,stride1hfdnng7d4t94m9tj5vj0g99q3uwyrgw8783ak8,true
1792,stride1gcd3uyeg5xxu95edsywv6rwm8pkwt7xnr6kq3q,true
1793,stride1sre7zskycyyqcttp68e0cmjrrd6vnyprf4plrc,true
1794,stride1g4yq99n3ken7vmn9sxgh98cugw0cu2x3j800kp,true
1795,stride174krysum0f7w7m3l94y3jf989rp4zc9394xxtc,true
1796,stride1a273vcdpvpzcrgd79vt0ngzmcg4cghlmawygs6,true
1797,stride1fqyejfl4ryzl6fdr9g7wvzgjs98l6yvf4mzvpn,true
1798,stride12kurx8fljhtp500gqux9wa4savme9vm8ygrq0q,true
1799,stride1zdnfqlakqr8sgg4z9ch72y3pd2pyp6usevjnrr,true
2070,stride12sdmkzef4t4splu0m2gusc54wrxmd6etsjr7nu,true
2071,stride1gwzgmsxcmxwdd9r3083ufmdx4zcamsvse4fdxd,true
2170,stride18tl6l0r44rt8w2rpvgw6zu9mckgg9lagvpsv3l,true
2303,stride1t0p6hccfnrtcn5pua774d2dwykw9vnylvlz04d,true
2317,stride1jr07wkc8fs0ua77q5s42mr2yt6gmmypn0wsxx9,true
2424,stride17f72zemdcj96j3y9uy9hfuj009nfp07k0lgg5l,true
2478,stride1ferwtatpkd63qr7ktqda5ng8nfzggy7ce7gsyg,true
2603,stride1fgsmdykgjrdyxcv8sng9hnk4ldetwse9lapr7g,true
2775,stride1ar6y9n5lgf8qz73uj7w7ltn3nu64knzy4eectn,true
2861,stride1g4p2ntk2j8w0aft9umdwqr7g4qg3jh8c7s55h3,true
2903,stride1pqc6dvc8fsa3hj2dt5vcwqnq0u3pgq7fd3y24x,true
2906,stride1gz6r9d278t2ppcljltpgfrp03pdmxjhnkww7qs,true
3054,stride1gktvyjcm0uq9nxr5n645plwupg062we30gveaz,true
3125,stride1352qm92l6p3w4jldzd66yl9xl4c84zedqd2vhg,true
3138,stride1xmxmsmfgdxrgykxy7guev5f3hkn7nhn7kdx3lp,true
3162,stride1v6sx30f4fqlwwlgrzssduyuaymgjqavgfk06md,true
3197,stride1nunfdvg4gapqkcd43l4k58v2s69q38z0ragzst,true
3206,stride1lkznpljvglyfehzngujl93l0d3elfvuahadssf,true
3207,stride10z5a8ftsce2348x3cu5eh5a8dkw2xjk3d3snx2,true
3212,stride17szl2u0fy682ma5u9y4wk7np49txh8mzk3gmls,true
3245,stride12xdlq75cqrct9awyp9wg9lp5zvt43pjuwy0qp7,true
3247,stride1j7w5uhugvux4ffvggk0j0hlpude4uh2h75vth6,true
3254,stride1pr7pcnzts7cjmdte983psa2wkqemz3wwe30s9m,true
3331,stride1fpe5y40tgrklg5qlvm36am4dpsxzqtnykfjx04,true
3445,stride1e03rxcj8trnruhd062mhte8n0fm8w7v39672ze,true
3458,stride1w7s0x3f93z8lk0eh9zuxgvds8y4r3fhy7g94wr,true
3498,stride1eqxe0kd8emqfxsgwf53khtwf5txdxvtyf0c5gn,true
3501,stride1y8tg6rkzgwav0ef99rwa487y07vut8vts7tk9s,true
3523,stride1nfm86q0c0zt98eczr02sxykuhzkqef8r8a8g94,true
3571,stride10pwd6lz865ycadaalmaxaw2vnd4424xv94uy0t,true
3659,stride1edss2jrl9krxcxv709lc2tt2nrc849qglfk8uy,true
3670,stride14f24elmql22umkersrz58prd9qjeuddd690npr,true
3681,stride1x8tcv75ut45zw9y2dcxrda6u4evmhtpps4yemp,true
3691,stride16mg0qrs0uj9rqefjpde24qvjelxk6sgfgnggcm,true
3711,stride138897rghcgukk8vumm9u2z7q950mwksax0eehr,true
3797,stride1wtjhrpg0plwd0n55tqzqqfs4w0xh2je6n9kdwn,true
3812,stride1ky3zwfnw3wr33eeue2d6u2xhaqnge79k2nn9nr,true
3877,stride1tz4ssc67mz09pyc5xtvt3zvkm8g6uggkkffj40,true
3892,stride1eku9cmxv98cnm9yr6dnw2d9ys2yw7runmkftl9,true
3913,stride16e6fv3u8p2mkn767n0vussc7frlqt0w9pzkhhs,false
3932,stride124afp727hec9673hhjf328vaxyqyr7getuvsfx,false
3939,stride1lpcjfv7mvxxejuf5t7tv7kas9xm5as28ntdmm7,false
3954,stride15966xthwykqqgaxtutwc3w2parh9nrtsajq82h,false
3975,stride1m2jzldj40pj55akndfwf6ft22z5swdjzl57xql,false
4023,stride10kcf378qjcwdw07ar2ehstm03307g0tx67790j,false
4083,stride15pmhx0cz7tvekuz8tzkq0jxzvazhjj204plnfq,false
4095,stride1seglwaum8ygeyv04r9l6kgssr2ewumzx7yy8sv,false
4096,stride1yggt0l5mpahz98eqn5lzxz2thpgenhyshvg4lt,false
4101,stride1t923w04lv3p5767d8rzs5dempjawaq6h0q5z38,false
4128,stride1rxug3etjd7dd740f0j3h0yql7j7zyvxd539fv3,false
4152,stride1enz4x0szrqkxgygac948dyxdfvhwms24uqnyrt,false
4156,stride1srvnaxnzwtsezh3s8vhfe6fyg63hxuwqdnjna5,false
4215,stride1tfze2sxuqwwz5fxj0quasx5curjwlwm9tfkg4v,false
4245,stride16gjaj9m7yvrcnwzz5w97yge9k9xja50tlw70nz,false
4328,stride174nx4hx9882qfkvn74lgf6fmer4vw6qt9evdtn,false
4348,stride1hqzywnm9jp3alg3ukant09gks0a6esydr0xlnn,false
4373,stride19hvwep7ae87zyram6xe5sp3fvaqh3dcg2ck0v9,false
4379,stride1wj0lsg88p2mvzv0h9cm99cm4rhc4av9wrmysc7,false
4380,stride1328vp9cwr4shd377l7pkyh83mz05dplxsuyjt4,false
4434,stride1w75r6nhuj4vk7l8r4clr8ztkpc0aj6csc3adpz,false
4444,stride1t7l6wq6ngxefw0lh8ck98v7fzxumhgcf8cpny8,false
4475,stride1t2r83ff0m9g5u48k9ur3wzdnjw5vu9hqeku27p,false
4476,stride1t96egnzdfp5flsc6us6l4xhev89te43k4ga6kz,false
4491,stride1syestrrrssm2jjn6k6qqslettz4w6ksa7tyvxt,false
4492,stride1xm26944klp4ynssyn3dt5rztkd9lxfv082r5qs,false
4508,stride100s7gzhsrrnw85e5s82rqm8gla9mhsds5lzcry,false
4529,stride1cxhk23qzy6cp6kve26glv2qc4reetv3hru7msy,false
4595,stride1apn4lscx3njxmcenrk6aqkp7au7fpdjsm5f7cu,false
4596,stride1gaw0tl76jvs0gs5lyc2frjktcm07ewfmvczup5,false
4620,stride1l8rt28p03sttr6t352hx2yjdzn7dgtgqg2594p,false
4684,stride14edxqwqdukl84cw2jpysxjm60djurrzxxkch63,false
4708,stride1vps63smcfl37z0w8psqsgue73gnu74cmfad4ve,false
4712,stride1m55p4c956dawa95uhzz027p4pwm3fedfuf7mvm,false
4755,stride1p2ngq7q645txfmsd6pq0a7sasga7htvn868a86,false
4775,stride1ct5jdjxwcs2whefy4c4dpuc0t3vuv7ksrnh4j3,false
4784,stride1vfz8c0dufdh2vgn5vzr3vnsfsv8yqngjv6kzyg,false
4818,stride1v7j2a8cqavmhl9juf7qtsg3gjlt7ela6409t3t,false
4819,stride1ld9kz9vdvdjdg5lqpxtpgh4e6qcr3285a6hcrq,false
4849,stride1mwz4k6gehrvvw0r8gkl95yl8gc2vetjme5dyuu,false
4854,stride1wc6785ejnv3gw7s0gc3e64fvjl3c8vh2przx6f,false
4873,stride1rn27m7j7m4w7q5a4uk0zlak47u32ktydry36aj,false
4878,stride1y8d0pg05ldx6q7kr2u3c3w3hk0eaqhetlptjxz,false
4885,stride16z0wqe8njmzpdpve2mjwhr8yelhfxaas7f6r8s,false
4893,stride1w822kk92dr398jd4rht4ap48kegfcl4r5nlrl8,false
4900,stride1yvdlkld4ut6sqlvm773tmqqg5aty83yeg0rnzk,false
4902,stride1qhqxh5el24qwdmm3t086y7wnayt2a46tr5nk2d,false
4917,stride1gjh6atlq7xypygs7ga32r75kjpey09m9cupxsf,false
4926,stride1fyv9h5l4zpjpjke2vppqr6l950lpcz4cfwckeh,false
4971,stride1ysj3k7ny6zh3mphs3tmwdg4ts4r3zcppf0mtkk,false
4985,stride1j6jn5pu6yuwulalhq5402almr3y42hgjkcu7ua,false
5050,stride1s0gusjd5zppnaepsw3jk5gctvu3awevpxt4lt3,false
5071,stride1leqvegdger08ha979pqy4epft4eax2fs3zalkf,false
5085,stride16wr804cj033h55ecnnmrl2u54yy40lsk6tvq7k,false
5126,stride1sr36sm855wr0n4spspaknae7c64rdn097c8jjf,false
5137,stride1e3pyfmulywxd9jgetlnfrztcrwq3fs26ycsga4,false
5156,stride15zv0g0y4652z8vhj0kvx325rea7r2n67krnmj7,false
5161,stride1ffkpmjxz7wqy5qdg7qafzwgpdw8qn3wgt6034c,false
5162,stride1p9cmpq4uwg48q9x9jnykqppl3j78an07mypr83,false
5166,stride1yly8mf5lmwzp0upxfc8uyq7pahkztc8yrx574g,false
5175,stride1zaertzj3cuqs0yzw4arglrukph3vyvmrzfm7lt,false
5180,stride157289uyg65ct8tclttm3sfaaqzck3ksmxahu4z,false
5181,stride1x69jls25lldyytfhzaaved078v72rc3js0s2w9,false
5194,stride1qda890leadz29cgefxanxqygtvzghwz6yn03yv,false
5201,stride14ud5wwy65vhfnpj0rzc3c8azryhlxphq4909g9,false
5203,stride12tpnwnvs0h3vr9dywg8t8vceyph37r7z0zref5,false
5204,stride18tzene5kjaj2z6ry7tj67h9a80mjmrd6tmdvu6,false
5206,stride1r000nhpy9fvtm3km404tngn8y8qyv4fprqzfgk,false
5208,stride13qnx730qsvhr3jweq6ux5mhz65hfedkv0544mp,false
5209,stride1zld30cpx7h7p4dan8pr7j5552r33pcuk7rxg5z,false
5211,stride1jg0cm4hs020d5ldskjjzrarx9ev0j5m4tfgye9,false
5213,stride16xc20ahaa2aq9lgneefysyy46lpk7m6xjung52,false
5221,stride1g35ngyy9myjkdypuet0u90ypscf9xcrrd6y650,false
5228,stride1lpx47r86whk292scd5dtmvyevqdq37ukgaw63j,false
5229,stride16e3v0p7yrwsfq29z6a2pepndfv98zhqretfcnm,false
5236,stride19z2u5wr25q9el0pvx4m3x6ce5zrax36gjfgw32,false
5237,stride10y6p0f0srtsgxqu9glu60wr2962jn6f3r42cmd,false
5240,stride1lfcfall9mm75xgkjj8mnt7n9s968rnyd8negx4,false
5243,stride1q58s6j6vzau40g6xgd5qu2ctcf0pemmtn8ssuh,false
5244,stride1fxr0aamc7547t8a65cavqf8ghevf5v9xlcyhq0,false
5247,stride17w7jnj3phx05rsrufzscfckdvp4png0z7kz80y,false
5248,stride16q3k6skevdrjah8gwg2jjrgq4he59fyn5f3t34,false
5252,stride16rwmjj3vqkmfjeuh5eujhujcl6lgm0s6e9ts02,false
5255,stride17aeyarexs6cvhsj7y546lq4fntwfhayhjkhlh4,false
5258,stride1tfvuuwnpenpg4wnh9gk4ez85vzu2c72fp250y5,false
5260,stride1kjvv2fzz5rgpcg46fepvrtdksv2kzmxjctqhjh,false
5261,stride142y7tvfszk3z5t56dufy0sks3ejm27yvq0mc8l,false
5263,stride1mnvlt9e4pxqhup6z9xzva58rt2ka3cng5z3zg9,false
5264,stride1uy8w280wdgpm47n83n5tqq7axrxtsspfaelrt3,false
5268,stride17ee37wq9q3gump3jzmg58x0fye0pf467g4gmyl,false
5270,stride19pkgd5r0h282jze4u472k6npq9ufcq6t8wmynm,false
5274,stride19h9enj6pefn580f3a9ua4lhzdgl6lsxff5mqsq,false
5275,stride1gr0zryw5h0kmxdj24yh3t0y8c4xfel27afdag0,false
5279,stride184vnnwy3j4zmsjrml28y8heq47uhq8arlxgc39,false
5283,stride1wvlqg58hxp9z4hk8ht68d8pelcncnhka9attpz,false
5284,stride1947j5sde938kav27plswcugaztljrc260xsf72,false
5285,stride1peaa645arhxjt3cndld8ztldtq4yx2njtm6ghr,false
5290,stride14cgvj8rvl5v2w8jllnf6jh9gdf2sgqgcsx87j7,false
5296,stride1yq8tl54yydesau7fkc24ywfkc05ldneklk5prj,false
5297,stride1tavf9pe3fl94hpl37u08mwt6p5l3fn4w2hqu4d,false
5298,stride1wf7tcypfjnf43kenjfh6n9ukar2avtlp5trz72,false
5299,stride1u9lxs7mtlq3lecqt8xmfh6w4lwmzvzcu3c7frz,false
5300,stride1hr7tz3qvyhlpghtyfxdlwrfkw5zcjkxn9x0r7d,false
5302,stride1h4d0dyh42fe3kgjggx6dr7n7ld3hlzvz6w7an5,false
5305,stride1yg0fa6aa8npeyweedzct2z0qsj0q7xypxjzs76,false
5306,stride17auhl4y0jekgw2svc0xhram7l0rzdkssq3rtas,false
5308,stride1nfu9j53v3dd650usnnatea8vywz5sz848xuhc7,false
5309,stride1nx0pfp2n0kasfwtv7sv0f2fyfmkhzfm2u7df5e,false
5310,stride1xfjg5hx2ytjy8pr6sqd4062ahcvk69fjpkyj0p,false
5312,stride1ndfuepantxksaygnv20nar9pew4y4jkcmkt9ad,false
5315,stride1qswkvxf3hfekx9ft3g49x090en7dr8fhn7xq2r,false
5317,stride1t7kggne7kpsrctfkau00cnkp4lu34u7ft84exh,false
5318,stride1ezz9vww05ylh6zmkmwnrfwslf3tkwmwd66842z,false
5320,stride16l5z80s2rhhys5jsmgfhujdld45trgnvh67m8n,false
5321,stride1y4qs5043t8fq0637tmu5l5yrw3nhwmfnngyjuv,false
5324,stride1qt5rhyvrt6w4e8vwtjflsxrswvwpahs0qyp5my,false
5325,stride1c43ts9zvw440hmvl6wl2qhyalcp9nqt4sw6dum,false
5329,stride1xwnpwld9ldhn6vdnk4ny5pw8nezmv2feu56l4x,false
5330,stride1hmqf5d6z53akxurv4r2e5cu0f0mfzefsypv3fq,false
5333,stride15chp959n0nxeqn3e66jl6ygw9mf2t4nmpalwuk,false
5334,stride179dtfaa8j9c5at4c5jdqmlm9xdvyu685yarp5c,false
5335,stride1zrjj8s8j0jqq3nympzc0f9yugjmv4wfeukyyh4,false
5339,stride105g6rh8f2809c6ezj2adtqeyfhuq9rudxwywe8,false
5346,stride1r5pkkpcg0436puweny46kmkytkehnrhyzh6yfv,false
5347,stride1twvx3h88e5zvmya2557cz05ncqau9ven2gfaym,false
5354,stride1g7qu7050q7cwmukzqrkh9y3n3y6dgfqvjhgpr7,false
5355,stride1q2yj0vdmdanmdsh6qztu3cn7y9deqx7lew9n88,false
5357,stride17622w6muvk5p9kd7q4wgpkj7pv2uvzkkfvtf87,false
5362,stride1yftpt5435da4zszsy38gtj2s4kt0sq3ue487u9,false
5365,stride1k2sfplltn5ad6a9g8qkkfphh8sr8fjwcvdj6z3,false
5367,stride1mx3vpsw49n04kfu0djktl9mcw5tnswtv6gdlhs,false
5368,stride1kzkvl4lkjjxy29c7gry5aanwly5mzgpynt6jt9,false
5369,stride1rcf5hdjs835vtk6he8majrsv789kgc4fuahyjj,false
5370,stride1y6603qh08ttze6vaqr3ucmclq4xxj88x3c3cye,false
5371,stride1gw3t2wr42sxwqv6yzxulgt6fwwkt7aa345xl7x,false
5373,stride13t5yeskwkeh9hx74amk3vu0de77yqge9eatz5w,false
5374,stride143m88j8lvmyugy58myscgc5m0aaeucnxzku66l,false
5376,stride1srp4rshl2rrd9c84zm6yzrh3jug8jrud5wuzr5,false
5377,stride13gwq68vtp4qwkeakwzppmclgv96ta6sjsfq9e4,false
5381,stride1ka8sqfyewwvdlycgl466rd8x7tytpp76ekfqx5,false
5382,stride1326hxm4ff4n5kh8jfl96nx66mws9mete8l9erg,false
5383,stride1ahkp5znyg04gmy345d7axsjx6cl3ypd39r0kku,false
5387,stride16axcqt38ya9uw9lflhqdneu6ckx23sxhuv50he,false
5388,stride1jtq7d74xcl4ep0cjxlt5xnckp0wh3g65dm9w98,false
5391,stride1rnskzsfms63zfk9def5yqqkdy56x35cs5m79v5,false
5393,stride1w68mcsfyhl6nwgd742z3nh48sygu76jv55j8nc,false
5396,stride1xc68mxk83lcl7rqjhqsazru6hjt4wazr8elqfd,false
5397,stride1j5j3mhf3964c3u8qf4g56ycv5rgvn2ll6gjv68,false
5399,stride105dzvc6q892estxqtvvqvghd6pfasd5nwnk4yx,false
5404,stride1s468q4uf98jzrtruvprcw6pqgdphakq3kcl2gg,false
5406,stride1w4pt6d3vrgwqjkqff97w98evwy9r77zemc9pnm,false
5408,stride13t7aasuqn5x6e3rwh86udgcdt2v7tkj6gvcrca,false
5411,stride14aas02xp34069h65fy0u7a0pww84hjdcce3fz7,false
5413,stride1l5fl0x0mz0euezyyww846ufs4znlw9cypp5zrk,false
5414,stride1pqq82ssxqhjaevujvt7dcpkr9spehd7lp54v5a,false
5416,stride155unwmv8h3jcv6hlm9fcaqlcfeyvc4nx76hc09,false
5417,stride1ctthyjhc2y20gtcs3ecugaj0stg0smn9vey9vz,false
5420,stride1aq38r95j0ky57ev8mevl4dz28cgu3t5v8uxc8z,false
5421,stride1hlxsavlny5ax6uwggr49qaw57cxnhcld9n34ux,false
5422,stride1g53mgtymzz8d3naw0rwl0zrp3g7teyp4vp9rg3,false
5423,stride15s9y0sewem067we508lgkllg7nz3el63dad283,false
5424,stride1rcuft35qpjzpezpg6ytcrf0nmvk3l96q9xp84m,false
5425,stride16u4ddl4m5was8xadhjngv9xtkj98r8daqdqkz7,false
5426,stride1qjzg059uxkesfzpwcup3yzje7sdk9at7wgug86,false
5428,stride1lqwj30v8yd5273ttw7sa4lafn5k5nunvnmt0gk,false
5430,stride16xntldc4cdn30h80n9a8kl039w5emvxc7fys4m,false
5431,stride197herwwa6lgf4lyjnthmmm9e3cyr09juxwcdaz,false
5432,stride1zdd77n7e74g8ncpl8qmz64tfg3cxxafm6x6gev,false
5436,stride1c8qxw4dsj37dy0s2dmsc34ahvkredgnaf56mrv,false
5437,stride1gvfny70eqvu4wmqhzlnxkqkynu3w4rmz4sqald,false
5439,stride1j54er2utjnzj97hzrw7al7w77z7m4g5w7kw9qg,false
5440,stride1h7wpe943s6tsvxun6ahnxkzshr7r0xac5elefe,false
5441,stride14rct98qvjh36xmard8w7rmqnyfr4vrvl3zf0ps,false
5442,stride1t269dt0nfxa7effdg9lu27u7fffp44kesy5wnn,false
5443,stride1t8lvk5hyjukgk4s8yk4tm7d6fgr34xpnph9l8c,false
5446,stride1nw0fusu98lmgmel7palw5gl9zvet3xrux4mq33,false
5447,stride1v3fgacyt5f8lmguvrvtyjqqnpjmw2ncj6yw3xs,false
5448,stride17xns6wc65n37mdf6k8mqxunkc2exq6qx2x9epv,false
5449,stride1s3l6ss8933f0lsu6mvd2wpvtvpuzkdxqgktz22,false
5453,stride1688nuyz9q9cjmj83fh8dy8wesk7lp8cz02w2xe,false
5455,stride1c8lupxkn44mtuk4mrpmg7ggv60r3pjzn8c0yel,false
5459,stride19t7k5wxtc9pvmxku34ltj030czt906e5gp0l54,false
5460,stride15f46k58ca87cj7844rgz4z47axpksq96m8eyla,false
5461,stride1lf87nq0pxw7qzcvvc65evnntd7za6mxw8evpcx,false
5462,stride1ce3xc4rfvvqk5043tg7l4x24pkmk8dvxwzleq5,false
5463,stride1ntzht7cjmdz6me5fq9r5uwftvrhghlg28rjp38,false
5465,stride15d6q4u635cct3acu0t6wqenz4r9k2459d2cz70,false
5466,stride1yer9rccnxvcxslsl0zu97tyd6hvpyf22kg6sh7,false
5467,stride14v2m7slyfpz0rx8sr2uedlh4k2060686t435rl,false
5468,stride1396vzktm4nje2kzkhwkkdwvzaxr9tmrmfw8tu2,false
5469,stride1jmk98l70x9xzl7ju5uqfms3evtkcgn292xcvxz,false
5471,stride1cnrf2z0k06k8wa5lppcdkk9kmz9cgj0zx69rxd,false
5473,stride1qeg4024j6w9hst6syclm6jawt58ucypuh97xre,false
5474,stride19kmpf569zfcf9wnrujvy7gvngkw84drd9emrth,false
5476,stride1956zxfmd03w90vs7nnpwlw52t64vm3k6nxjfse,false
5477,stride17useywc8zpgr5mjudgsnakry7vtvssuzt5rh7k,false
5478,stride14fvvw7mfn0jsfze2fsyexa6sncj7r68qt2kcxf,false
5479,stride1k3gu4prsv6uzk2alt8f8w3uhyayqem20xkv0zv,false
5480,stride1dz5dpngwezyydlefdurrsqdyadp8kg232wenrs,false
5481,stride1phgm5zfp3thm7ge4xan5hhdc8vsg5gh0nupxy2,false
5483,stride1sll2gw4pfwz2zpshx3cpyky6l7t7a4rck34wh2,false
5484,stride1cpapj25cdx0x7d6dvu2kaqs8eg0elzqf3yfrv4,false
5485,stride1g83j9lljn3sm4u7ra89v2s54tdm23gktc4ved8,false
5486,stride1v6aj98yxlr3sn8g4xy9l7s74cy8hd8eyk4n9z7,false
5488,stride1szvm2qtfqkss7d66enrq334kql0yful45lj0lt,false
5489,stride128pegd5xxjnypmf99w3fx3pcp6t9hvlum52vde,false
5490,stride13k4rej7x2jj0nm4zctyerm5vzvjp89ffpscfjl,false
5491,stride12atwszktcvw2dggshdt9ahfuq2hpc5a9dqx63w,false
5492,stride1hfwhrec4exw0939rljmpe5dzfd5j0tzdkfuyxs,false
5495,stride16pe0krjekehppvcsftwld05anfgwm0dfperjvu,false
5497,stride1cdg4kgs2ekaedpj626nhrfk99n6plm7d4rkspp,false
5499,stride1f2mva4ag8meya6fvpwz7md6f97zd5nlllt4g79,false
5500,stride1666m438d4u9ahg425jsyj90fkgw72yzs9mtu23,false
5501,stride1l5kvgqaygzlrtuuzjnst9ljq9czxvm6gflpzku,false
5504,stride10mc2k97w3rm5tl29pnlwsyzk8uh6elpezqdqqm,false
5505,stride1kvnpnxu34f2fv8quplgy3gqfpfj27vyejwrqn6,false
5506,stride1wtakh9leefadxj3e6cvymqhhk607ecrzh2zd3q,false
5509,stride18lempksr78xzr54y9hn5jvagnf67lmgc2dtpfr,false
5510,stride14rcn5s80v2fthgzw0pkvkwgke4ss8ew8d7uzep,false
5511,stride1z2h8qstwqt2jpljuw6ma0yz6qhce6fe4v8tdlk,false
5512,stride1qkp8g37rsdf9xahgeap2uuj0d3sq4hmrjzwasf,false
5513,stride17s5d5zkedv0l87ar80ds537gj5seznx7x62hzz,false
5514,stride1vy6yv8vkmk0ye45u5uymhg29nrp793nxgp3kep,false
5515,stride1fqqehm5wef04lvnywsdysrguyez5l9tkkn5fh5,false
5516,stride1d4eec6lphrwp0t47hu0e33d5dta0648rxvfyyh,false
5517,stride17qk3ls39da2p697a7jlpevccmaaekhrhhj5h2n,false
5518,stride197rlwr5hsx9fe5dzxp3k3nssduqycs4zsurttr,false
5519,stride138vc7zeql2tu5xntjg8c39gga354cw9tlkeq74,false
5520,stride1dtp7t6tffvze5fkxkh9krm3hqezm7h28670xfe,false
5521,stride1jjg5l7ej7549j49q5ugmmlxpe87wcf2enp2vw0,false
5522,stride1hryzdjsurae843myrrg25ulgttr2kdzd7lrx6d,false
5525,stride1qtylxwt7vu2dvy0xzcp66lzsttxtj4c8lz0795,false
5527,stride1nwqq6jxcw8kcvk6deqesaslpatgzfdql676fap,false
5528,stride18gfg28h2fpcxn36w4s76m7cqclykp4wg53rpux,false
5530,stride1tkzlg6tq32xcgdnxpx5ljc3tmnglq5g699e6a7,false
5531,stride1amwtj4kktqspsvy9353y7tlqv29g3wn58jk34r,false
5532,stride1t3af5m8ydv686z05ldy8hxwncv33knpq943692,false
5533,stride1kpd5cq6s669rydqgmga8p58huh05kff4x6hhcw,false
5534,stride1s7q2qpmfjgvgykktd7ku3rye0ur6v2l5wrca2s,false
5537,stride13napzvh3dkan6thl2akuka44kclhk4mt49r79z,false
5540,stride16nanznceyrdugrtfzm4egrfwf8yka760zwyfyc,false
5541,stride1nz2fwtqd9uwh6380euqhd3pq5tr8mx8raattnv,false
5543,stride1lft8uyhgsjpdqekaxzd4xs9d2vx698k36rl6d3,false
5544,stride1vyc5hx25ampcygfe6zh0599fdc9a78ek2n65cw,false
5545,stride1fjam2emvm87zkfa53yycexjpnv3q9a4vqs3wyh,false
5547,stride1hnepcy09ppj2nxf0c08zqnlgntum550zyg0ekj,false
5548,stride1nwnyg7jvwzazd8z5556c803uscv3vjmv26hea0,false
5549,stride1vpmex66h7ylz8cg2jgy4t62xg4m2tla9yttnl2,false
5550,stride1q6xnh7jac0slp7exsxx27pkaw60a79vq3a4j0t,false
5551,stride1dxdg4vg54rscre2fmx4u99quy9306w2xp67ay4,false
5552,stride1499xa3g85wfmls5ma24mata95hzu082wjuevrw,false
5553,stride1wu09ucy85vmn8hy8ps9pxqg8wxmr8508h2vdfy,false
5554,stride1m72hlnve4ml2j0uf5gag6c3pw0lfgr2pe05scy,false
5555,stride1jhlme46p9ej5t5nl56zs5n7dmve77n6gxccw4a,false
5557,stride19yvvl0cz068qu4sg7v2pxln0cqm8nt779ajj0z,false
5558,stride142cl70a6rsp56x7myfz67g7m0f5x84w5a7462d,false
5559,stride1kyarxdvqjq3tszpymnxqaxjxex0fkerxvskty9,false
5561,stride13h05ft8ns6f2d54yrm9uv6v06ftp7gzcg9fgy9,false
5563,stride1fyf8c7cpfvm6wqj5g3ax59utvyf7aefd7du48v,false
5564,stride1y89nxlt00px8yl3xr492953vkgwkcjxtvpsv3n,false
5565,stride1y48yewyspx9qn0zzmtstt97xlke8flmqxgyd3n,false
5566,stride1qzl4cp6d9ldygjlusem6ew574je3dakr7h0p4e,false
5568,stride1drz3dwxgxx6jvkv9skrttlpnf666pre9tz3f9t,false
5570,stride1n0aqm0w39dwpwt4vau8j7xeppwa39ttvnxmxkg,false
5572,stride1fyx7k833dvd03w3rdx3dxxd3e6n0gpn8k4gqj6,false
5573,stride1jxpztalf3skjftyrlf3tpd3c94g2nqkacnd5nr,false
5574,stride1jms2qlt2xylykh2pkfg274sd94clprlkqc32n8,false
5575,stride1mmp2n6yj9pt0lsu7038hpv0wevnj3fkzsgzawd,false
5576,stride1djdzvwwjdvhqrjl5ww2cpnmj23th7sjprde9k6,false
5577,stride1etjc2dkvdn6h375njjptdmmry05yx0ad3jwjtc,false
5578,stride1y7uu0ua3lglgn0lrwxna462kpqh4jwmkw43xxu,false
5581,stride1gk2sxzg5f7ldxal0zv0072lngxk3v2mfze0rva,false
5582,stride1z3dd7dhpgppnh3gls6us64wecypu2s4vnkcf0t,false
5583,stride1xksfw6mjzanaa6tdwpshkpn97mv7g3mn7fe5z8,false
5584,stride1sqxfqqdw6xnfs9enzlzcd0n3huheqcwgpfhual,false
5585,stride1tkelcm4rpx7cec5hpleyz855hs8fvuvtyp0qk0,false
5587,stride170kjqp7j77hd0l4k200vmtznrgju8ztt9h9kgu,false
5590,stride16jpsr5uup3nxx4ghynfm0szuahs6zqga7wmdt4,false
5592,stride1cgxgq3385n9hw8srpeycp685duxsysl4rnmvf2,false
5594,stride1uzen2qwjp4nytpf2al3cxjsp0hmqau2mv40pkz,false
5595,stride1tjar9eca86czxc0qn3mgfzg8zlzr98fq66lsq2,false
5596,stride1su763lps80wy2w3x78f92fx3a4y2er7dzq8a3k,false
5597,stride1c2fmy9rt8t2vnk43339c3xug7n26xhqga2nzme,false
5598,stride1c6m3j84yt57f4dzu92smnrz6jxeusjlwcn7vnr,false
5599,stride1pf3dkt5s8t2truv4n3z4w6yfkan4l252u8zyg7,false
5600,stride1e0mhf4ghkwh0pjdwzz03jsszeavjtgtrgen8ar,false
5601,stride1dlgcnqpe5yxd7l8w0a6wqy6mhpkf8r6vwuy2qg,false
5602,stride1kmp5447lc8geh7qf27k8t668j4yfw097pjnsl2,false
5603,stride1tzn6yqdc3rcrzmqxj8drgl573mylpe45sfqnrf,false
5606,stride1s6g2w2jd4em0jq8m2jyj0xglk7wsg0wj3vk65v,false
5608,stride1l8v69mgcsp6pxm56wx3n5zzwk5wqnwgd5k9u8a,false
5609,stride1p62y8lhhyqxw8cqjpqcxazfcguq4w20kq68yue,false
5610,stride1sgsjenhguhum7xqr0t6lk7xrzkcp3qyz7zje2f,false
5611,stride1fhyyndherppv9f50esh78phaejc2g9es4e83ks,false
5612,stride1hh79nqcyexrgv9s6l96a884fjmlfy8zyawug22,false
5613,stride1sv209ctk7pspd6x80wv0np9j66mq9mvvqdduxh,false
5615,stride1egyegkqhqdne4tnxznu3c0dndrp4cu6nzz792g,false
5616,stride1x20squx9kk9ngcc5nd7kx4ghdmfaft6uq2tycy,false
5617,stride1276w3ry7wt4wzvyuga88mpamk8e3kjd0a7pnxu,false
5618,stride1q8gu9umewwtx09pedtf0ms2uudv3vg7f7cnmh6,false
5619,stride1zhfthf240z39l996tfshtycy6xe4tqafarq0cp,false
5620,stride1klxs74zl5g8y2gkhqvg5d244myry42whnugxqh,false
5621,stride1tf6xum44xz7ck5adz4fu8pq674wug8pzyd4ry2,false
5622,stride13a9nmwqfan0tac45nt0ase3wrlvlqxgk7ucw8t,false
5623,stride1rmmym5wfl8xy82dhe3ghh2k5qzks638v72du77,false
5624,stride1ctqecyvnthuzzkneze8g972zunt46xsd0tdgx6,false
5625,stride1axcp5enff8y3huz86u90shhh04d3the9zqd5uh,false
5626,stride1aeulnxf9fnzm6gep4mqhr0v8jc8nur6lszdm2m,false
5627,stride1xhzm4j7mxy0e4wq05z95halm7766j9pd85m32k,false
5628,stride15ux4ph4kkrrnh2uh28tlnt7xre0u7rmgawjz7p,false
5629,stride10ccqldk3qw86efss839wvv24sgkmwhr2z67h64,false
5630,stride189e6kntflfyj8e2e2u50r9na7d6t7kktugwlp9,false
5631,stride12k73wkvfe5wmma2fuap7mlh2x2t7fqltlzcjv0,false
5632,stride1aqur7kfwl05dczjm8tyzdjzzkkwpuwx9app5hl,false
5633,stride1w6n807pznemnkh8l7d7c7he2lld4e3edx2w72h,false
5634,stride1qwc70zrau90c5tj8pp0zzreklgvfem8vvm3va0,false
5635,stride1hvasg0mmjkvf5r60shtjruapxu2vzcrw54eq89,false
5636,stride1n2l96sy7pw7rkx63qz0224gmrgvp3v7tl2zvk7,false
5637,stride14crsceg43uxe3d9dccpp69ede36m3k75fkhxgc,false
5638,stride1dgs2wtpk9djdycjqf7lmwx5rne42ecwmnc2wv9,false
5640,stride148wmxwfxgq3fsluhma7svmrcwyzw4y4wav5cnr,false
5641,stride1q55wnqg0cf0u0pg5futf9zrl8zqagretlzeekn,false
5642,stride1fcamvvfm3s6hvvnvkj8tkteacdyg3xcew3u9d0,false
5643,stride1kn4ax7l0ggy3ta6sc7xlf23qy5j2mds6un2ajf,false
5645,stride1gyqapll2454zncrx0qqh027vyx4kgfdlkve9rm,false
5646,stride1nhjx0z4qly2hsgjqxjqkclmz6rwy9n2y5pe3hp,false
5647,stride19at5a5ukpgl8m7elkp95lqdzkyglua0m2my7hn,false
5648,stride16xxcqz76khrzdzfk7ufmzunshlmzf7y4fpu495,false
5649,stride1vz6axlc6dr07d69yp2xlghcyt6ryvuvluejpnp,false
5650,stride1krv4hkyauhsqsk7x56qhn3rcsjqfe2dhxj0qlt,false
5651,stride1cqrn00eln7vvsatzale28cvml5gjdd9m8kvvtu,false
5652,stride14h02up9v4e978946x0tr3wwa30t4ku69etwy80,false
5653,stride19ytvzpff7huy4z2u7c4wwm2ke54g55k3cnw85g,false
5654,stride1q9nfsdllk86vyl0jcfjdy0qv6sq8rexwr69z34,false
5655,stride1k52pwaf7q0lcahugwl9dkec0gp26uywe9sck7u,false
5656,stride1v0r52m96y2szlgn99x580puqrnk0ywnwx4ktwj,false
5657,stride1hm5x07v3pagg77ghch2c5ucw9ppgagcjjryqpf,false
5658,stride18ak0r99h4gjvq7dr7exfeywzfqllrjypa0rdzg,false
5659,stride1h0gn8jv8dg9g67748v6mh3d59tqwucsn9rxgt0,false
5660,stride1e6amqudfshug9kqyzgr0xff00c7jumsd0ednwj,false
5661,stride1rpfuj3ypm4x4f856s58ukmc5cynlss2f35erle,false
5662,stride1k4paygdg7tyw3ye65qua00pw6vlqmvskvtalz6,false
